{
  "training_score": -34.76150042481846,
  "training_avg_sharpe": -0.3900557440088665,
  "training_avg_return": -0.049848476577010144,
  "training_worst_drawdown": 0.10659804410229741,
  "training_trades": 9301,
  "training_valid": 1,
  "holdout_avg_sharpe": -0.2833435859774141,
  "holdout_avg_return": -0.052653271797812644,
  "holdout_worst_drawdown": 0.09851704405833646,
  "holdout_trades": 3856,
  "holdout_full_period_return": -0.4952446755415748,
  "holdout_full_period_drawdown": 0.5007272360391135,
  "holdout_full_period_trades": 4355,
  "holdout_valid": 1,
  "test_avg_sharpe": -0.4041553129169221,
  "test_avg_return": -0.07349202190018424,
  "test_worst_drawdown": 0.2556461626663305,
  "test_trades": 12357,
  "test_full_period_return": -0.9431188101937796,
  "test_full_period_drawdown": 0.9438470308827304,
  "test_full_period_trades": 13189,
  "test_valid": 1
}