{
  "training_score": 84.95071479778704,
  "training_avg_sharpe": 0.10465405847089225,
  "training_avg_return": 0.7373717188813066,
  "training_worst_drawdown": 0.375667922806699,
  "training_trades": 4816,
  "training_valid": 1,
  "holdout_avg_sharpe": -0.006680377245330004,
  "holdout_avg_return": 0.11606640151379607,
  "holdout_worst_drawdown": 0.645426666088148,
  "holdout_trades": 1978,
  "holdout_full_period_return": -0.5941153104206232,
  "holdout_full_period_drawdown": 0.7848353946720841,
  "holdout_full_period_trades": 2283,
  "holdout_valid": 0,
  "test_avg_sharpe": 0.008929918831328307,
  "test_avg_return": 0.07472251821226353,
  "test_worst_drawdown": 0.645426666088148,
  "test_trades": 4090,
  "test_full_period_return": -0.4785147481832961,
  "test_full_period_drawdown": 0.837354770877824,
  "test_full_period_trades": 4539,
  "test_valid": 0
}