{
  "training_score": 218.3128609585377,
  "training_avg_sharpe": 1.595128018619828,
  "training_avg_return": 0.3750091069038816,
  "training_worst_drawdown": 0.02315172627826233,
  "training_trades": 9338,
  "training_valid": 1,
  "holdout_avg_sharpe": 1.516469595389009,
  "holdout_avg_return": 0.37493048092489084,
  "holdout_worst_drawdown": 0.01360993065449934,
  "holdout_trades": 3870,
  "holdout_full_period_return": 50.32238245130537,
  "holdout_full_period_drawdown": 0.02498196319798449,
  "holdout_full_period_trades": 4361,
  "holdout_valid": 1,
  "test_avg_sharpe": 1.46115042455214,
  "test_avg_return": 0.3732818144252361,
  "test_worst_drawdown": 0.03825988495733988,
  "test_trades": 12200,
  "test_full_period_return": 163076.525373879,
  "test_full_period_drawdown": 0.03825988495733956,
  "test_full_period_trades": 13030,
  "test_valid": 1
}