{
  "training_score": 54.91934690111357,
  "training_avg_sharpe": 0.2652997432971875,
  "training_avg_return": 0.19376016587935643,
  "training_worst_drawdown": 0.10067879177556296,
  "training_trades": 13959,
  "training_valid": 1,
  "holdout_avg_sharpe": 0.26768121745940804,
  "holdout_avg_return": 0.18421673846474435,
  "holdout_worst_drawdown": 0.11033072444459054,
  "holdout_trades": 5833,
  "holdout_full_period_return": 7.618431455346386,
  "holdout_full_period_drawdown": 0.11033072444459019,
  "holdout_full_period_trades": 6387,
  "holdout_valid": 1,
  "test_avg_sharpe": 0.29201044414843336,
  "test_avg_return": 0.18857703319365554,
  "test_worst_drawdown": 0.11033072444459054,
  "test_trades": 12237,
  "test_full_period_return": 60.706127997704876,
  "test_full_period_drawdown": 0.15442277107363053,
  "test_full_period_trades": 12696,
  "test_valid": 1
}